{
  "last_name": [
    "Sun",
    "Suen",
    "Soon",
    "Sng",
    "Shun",
    "Song",
    "Tun",
    "Tôn",
    "Son"
  ],
  "job_title": [
    {
      "v": "Professor",
      "v": "Petroleum+Engineer",
      "v": "Medical+Device+Engineer",
      "v": "Mechanical+Engineer",
      "v": "Construction+Engineer",
      "v": "Biomedical+Science",
      "v": "Biopharmaceuticals",
      "v": "Electrical+Engineer",
      "v": "Anesthetist",
      "v": "Scientist",
      "v": "Ophthalmologist",
      "v": "Surgeon",
      "v": "Internal+Medicine+Physician",
      "v": "Clinical+Pharmacist",
      "v": "Physical+Therapy+Assistant",
      "v": "Orthopedic+Surgeon",
      "v": "Radiologic+Technologist",
      "v": "Medical+Laboratory+Technician",
      "v": "Dentist",
      "v": "Psychiatrist",
      "v": "Emergency+Anesthesiologist",
      "v": "Anesthesiologist",
      "v": "Anesthesia+Manager",
      "v": "Civil+Engineer",
      "v": "Architect",
      "v": "Hematologist",
      "v": "Hematologist-Oncologist",
      "v": "Transfusion+Medicine+Specialist",
      "v": "Coagulation+Specialist",
      "v": "Vascular+Surgeon",
      "v": "CEO",
      "v": "Director",
      "v": "Self+Employed",
      "v": "Owner",
      "v": "Boss",
      "v": "Retired",
      "v": "Founder",
      "v": "Chief+Executive+Officer",
      "v": "Senior+Engineer",
      "v": "Senior+Anesthesiologist",
      "v": "Attending+Anesthesiologist",
      "v": "Dental+Specialist",
      "v": "Dental+Surgeon",
      "v": "Postdoctoral+Researcher",
      "v": "PhD",
      "v": "Civil+Engineering+Engineer",
      "v": "Architectural+Engineer",
      "v": "Geological+Survey+Engineer",
      "v": "Construction+Budget+Engineer",
      "v": "Construction+Management+Engineer",
      "v": "Road+and+Bridge+Engineer",
      "v": "Mechanical+Engineer",
      "v": "Automation+Engineer",
      "v": "Design+Engineer",
      "v": "Casting+Design+Engineer",
      "v": "Architectural+Decoration+Engineer",
      "v": "Medical+Field",
      "v": "Aviation+Field",
      "v": "Petroleum",
      "v": "Semiconductor",
      "v": "Teacher",
      "v": "President",
      "v": "Civil+Engineering",
      "v": "Biology+Field",
      "v": "Chief+Medical+Officer",
      "v": "Chief+Nursing+Officer",
      "v": "Senior+Process+Engineer",
      "v": "Vice+President+of+Manufacturing",
      "v": "Managing+Partner",
      "v": "Medical+Doctor",
      "v": "Family+Physician",
      "v": "Attending+Physician",
      "v": "Emergency+Medicine+Physician",
      "v": "Resident+Doctor",
      "v": "Chief+Scientific+Officer",
      "v": "Formulation+Scientist",
      "v": "Biomedical+Engineer",
      "v": "Chief+Scientist",
      "v": "Chief+Geologist",
      "v": "Chief+Chemist",
      "v": "Process+Engineering+Manager",
      "v": "Vice+President+of+Engineering",
      "v": "Senior+Mechanical+Engineer",
      "v": "Nanotechnologist",
      "v": "Synthetic+Biologist",
      "v": "Systems+Biologist",
      "v": "Chemical+Engineer",
      "v": "Electrical+Mechanical+Engineer",
      "v": "Maintenance+Engineer",
      "v": "QA+Engineer",
      "v": "Oil+Storage+Engineer",
      "v": "New+Energy+Marketing+Specialist",
      "v": "Animal+Doctor",
      "v": "Pharmaceutical+Manager",
      "v": "Biological+Engineer",
      "v": "Research+Scientist",
      "v": "Biochemist",
      "v": "Reactor+Engineer",
      "v": "Nuclear+Materials+Engineer",
      "v": "Nuclear+Research+Scientist",
      "v": "Physician",
      "v": "Pharmacist",
      "v": "Software+Engineer",
      "v": "Data+Scientist",
      "v": "System+Administrator",
      "v": "Network+Engineer",
      "v": "Engineering+Designer",
      "v": "Structural+Engineer",
      "v": "Pediatrician",
      "v": "Chief+of+Pediatrics",
      "v": "Brain+Tumor+Doctor",
      "v": "Chief+of+Neuro-Oncology",
      "v": "Chief+Surgeon",
      "v": "Chief+of+Psychiatry",
      "v": "Chief+Engineer",
      "v": "Quality+Control+Director",
      "v": "Director+of+Regulatory+Transactions",
      "v": "Chief+Sustainability+Executive",
      "v": "Director+of+Solar+Engineering",
      "v": "Chief+Exploration+Chief",
      "v": "Director+of+Drilling",
      "v": "Chief+Nuclear+Engineer",
      "v": "Director+of+Radiation+Control",
      "v": "Oil+Pipeline+Engineer",
      "v": "Oil+Refiner",
      "v": "Oil+Exploration+Expert",
      "v": "Oil+Transportation",
      "v": "Director+of+Psychiatry",
      "v": "Partner",
      "v": "Estate+Planning+Specialist",
      "v": "Chief+Aerospace+Engineer",
      "v": "Director+of+Structural+Engineering",
      "v": "Legal+Consultant",
      "v": "Director+of+Pharmaceutical+Research",
      "v": "Chief+Architect",
      "v": "Director+of+Property+Management",
      "v": "Construction+Project+Manager",
      "v": "Managing+Director",
      "v": "Biological+Scientist",
      "v": "Solar+Engineer",
      "v": "Wind+Technician",
      "v": "Biomass+Technician",
      "v": "Geothermal+Engineer",
      "v": "Ocean+Energy+Development+Engineer",
      "v": "Pharmaceuticals",
      "v": "Medicine",
      "v": "Engineer",
      "v": "Partners",
      "v": "Biotechnology",
      "v": "Executive+President",
      "v": "Research+Professor",
      "v": "Alternative+Medicine",
      "v": "Medical+Devices",
      "v": "Semiconductors",
      "v": "Medical+Practice",
      "v": "Machinery",
      "v": "Import+and+Export",
      "v": "Environment",
      "v": "Oil+Energy",
      "v": "Aviation+Aerospace",
      "v": "Mining+Metals",
      "v": "Shipbuilding",
      "v": "Paper+Forest+Products",
      "v": "Auto+Parts",
      "v": "Construction",
      "v": "Oil+Natural+Gas",
      "v": "Auto+Dealerships",
      "v": "Food+Processing",
      "v": "Nuclear",
      "v": "CFO",
      "v": "COO",
      "v": "VP",
      "v": "Doctor",
      "v": "Healthcare+Administrator"
    }
  ],
  "skill": [
    "Hematology",
    "Anemia+Management",
    "Blood+Disorders",
    "Bone+Marrow+Disorders",
    "Sickle+Cell+Disease",
    "Iron+Deficiency",
    "Blood+Transfusion",
    "Platelet+Disorders",
    "Hematopathology",
    "Fortran",
    "Underwater+Robotics",
    "Remote+Sensing",
    "Mathematical+Modeling",
    "Science",
    "Drug+Therapy",
    "Radiological+Interpretation",
    "Laboratory+Analysis",
    "Intubation+and+Anesthesia",
    "Cardiopulmonary+Resuscitation",
    "Research+and+Clinical+Trials",
    "Medical+Training",
    "Laboratory+Operations",
    "Basic+Biochemistry+and+Microbiology",
    "Sample+Collection+and+Processing",
    "Standard+Operating+Procedures",
    "Radiological+Techniques",
    "Oral+Examination",
    "Anesthetic+Techniques",
    "Surgical+Skills",
    "Dental+Equipment+Operation",
    "CAD+Software+Use",
    "Construction+Site+Monitoring",
    "Engineering+Calculations",
    "Statistics",
    "Medication+Management",
    "Medical+Device+Operation",
    "Imaging+Equipment",
    "Laboratory+Technology",
    "Surgical+Equipment",
    "Infection+Control",
    "Chronic+Disease+Care",
    "Geological+Analysis",
    "Geophysical+Survey",
    "Geological+Model+Construction",
    "Geochemical+Analysis",
    "Drilling+Design",
    "Liquefied+Natural+Gas",
    "Troubleshooting",
    "3D+Modeling",
    "Equipment+Maintenance",
    "Disassembly+Skills",
    "Circuit+Diagram+Drawing",
    "Circuit+Analysis",
    "Aeronautical+Engineer",
    "Medical+Chief+CEO",
    "Hardware+Engineer",
    "Renewables+Environment",
    "Airlines/Aviation",
    "Mechanical+or+Industrial+Engineering",
    "Anesthesiologists",
    "Hardware+Engineers",
    "Medical+Device+Technology+Engineers",
    "Aerospace+Engineers",
    "Civil+Engineers",
    "Formulation",
    "Drug+Discovery",
    "Pharmaceutical+Industry",
    "Drug+Development",
    "Oncology",
    "Clinical+Research",
    "Hospitals",
    "Research",
    "Material+Science+Knowledge",
    "Micro-Nano+Processing+Technology",
    "Microscopy",
    "Molecular+and+Quantum+Mechanics+Foundations",
    "Data+Analysis+and+Modeling",
    "Interdisciplinary+Collaboration+Skills",
    "Molecular+Biology+Techniques",
    "Metabolic+Engineering",
    "System+Design+and+Modeling",
    "Cell+and+Microbial+Culture+Technology",
    "Bioinformatics",
    "Interdisciplinary+Integration",
    "Computer+Modeling+and+Simulation",
    "Network+Analysis",
    "Bioinformatics+and+Data+Science",
    "Quantitative+Experimental+Techniques",
    "Multi-Scale+Data+Integration",
    "Statistics+and+Data+Analysis",
    "Circuit+Design",
    "Signal+Processing",
    "Embedded+Systems",
    "Power+System+Analysis",
    "Control+System",
    "Wireless+and+Communication+Technologies",
    "Project+Management",
    "Engineering+Design+and+Planning",
    "Construction+Management",
    "Building+Structure+Analysis",
    "Civil+Engineering+Construction",
    "Electrical+System+Design",
    "Engineering+Budget+and+Cost+Control",
    "Construction+Safety+Management",
    "Project+Risk+Assessment",
    "Oil+Well+Management",
    "Reservoir+Management",
    "Oil+Production+Engineering",
    "Drilling+Engineering+Design",
    "Refining+Process+Control",
    "Petrochemical+Process",
    "Environmental+and+Safety+Management",
    "Seismic+Exploration",
    "Clinical+Psychiatry+Knowledge",
    "Family+Law+and+Estate+Planning+Knowledge",
    "Business+Management+and+Leadership",
    "Nuclear+Reactor+Design+and+Operation",
    "Aircraft+Design+and+Aerodynamics",
    "Building+and+Bridge+Design+and+Analysis",
    "Legal+Problem+Diagnosis+and+Solution+Suggestions",
    "Drug+Development+Process",
    "Clinical+Research+Design+and+Implementation",
    "Strong+Academic+Background+and+Research+Capabilities",
    "Architectural+Design+and+Creativity",
    "Real+Estate+Investment+and+Asset+Management",
    "Construction+Project+Planning+and+Scheduling",
    "Financial+Management",
    "Financing+and+Capital+Management",
    "Manufacturing+and+Production+Processes",
    "Academic+Writing+and+Publishing",
    "Experimental+Design+and+Implementation",
    "Disease+Research+and+Treatment",
    "Leadership+and+Team+Management",
    "Power+System+Knowledge",
    "Automation+Technology",
    "Environmental+Assessment",
    "Renewable+Energy+Regulations",
    "Leadership",
    "Business+Strategy",
    "Corporate+Development",
    "Finance",
    "Team+Leadership",
    "Business+Planning",
    "Operations+Management"
  ],
  "major": [
    "Architecture",
    "Nurse+Practitioner",
    "Financial+Manager",
    "Physician+Assistant",
    "Physical+Therapist",
    "Political+Scientist",
    "Logistician",
    "Medical+Industry",
    "Pharmacist",
    "Medical+Technician",
    "Physical+Therapist",
    "Dental+Professional",
    "Construction+Industry",
    "Energy+Industry",
    "Decoration",
    "Design",
    "Automation",
    "Hospital+&+Health+Care",
    "Education+Management",
    "Electrician",
    "Chemical+Industry",
    "Veterinarian",
    "Biology+Education",
    "Aerospace+Industry",
    "Semiconductor+Industry",
    "Renewable+Energy+Equipment+Manufacturing",
    "Renewable+Energy+Power+Generation",
    "Medical+Practice",
    "Pharmaceutical+Manufacturing",
    "Medical+Equipment+Manufacturing",
    "Manufacturing",
    "Chemical+Manufacturing",
    "Machinery+Manufacturing",
    "Nanotechnology+Industry",
    "Life+Sciences+Industry",
    "Biotechnology+Industry",
    "Electronic+Engineering+Industry",
    "Mechanical+Industry",
    "Medical+Device+Industry",
    "Pharmaceutical",
    "Renewable+Energy",
    "Nuclear+Energy",
    "Hospital+&+Clinic",
    "Clinical+Research+Organization",
    "Drug+Information+Database+Manager",
    "Tech+&+IT",
    "Energy+&+Environment",
    "Manufacturing+&+Industry",
    "Healthcare+&+Life+Sciences",
    "Architecture+and+Engineering",
    "Power+and+Energy",
    "Environmental+Engineering",
    "Facility+Management",
    "Infrastructure+Construction",
    "Transportation+and+Traffic+Engineering",
    "Building+Materials+Supply",
    "Engineering+Design",
    "Quality+Management",
    "Innovation+and+Product+Development",
    "Energy+Engineering",
    "Project+Planning+and+Management",
    "Resource+Exploration+and+Development",
    "Oil+Exploration+and+Production",
    "Oil+Transportation+and+Storage",
    "Oil+Refining+and+Sales",
    "Psychiatry",
    "Family+and+Estate+Law",
    "Law+Firm+Management",
    "Nuclear+Engineering",
    "Aerospace+Engineering",
    "Structural+Engineering",
    "Legal+Consulting",
    "Pharmaceutical+Research",
    "University+Professor",
    "Architectural+Design",
    "Property+Management",
    "Construction+Engineering+Management",
    "Doctor",
    "Dentist",
    "Doctor+of+Medicine",
    "Semiconductor+Manufacturing",
    "Robotics+Engineering",
    "Research+Services",
    "Oil+and+Gas",
    "Defense+and+Space+Manufacturing"
  ],
  "location": [
    {
      "v": "united states",
      "b": "country"
    }
  ]
}