{
  "list_name": "10.27_zhao",
  "email_type": "work",
  "email_status": "valid",
  "email": "ming.zhao@ssaihq.com",
  "full_name": "Ming Zhao",
  "first_name": "Ming",
  "last_name": "Zhao",
  "title": "Senior Research Scientist",
  "location": "Yorktown, Virginia, United States",
  "locality": "Yorktown",
  "region": "Virginia",
  "country": "United States",
  "linkedin": "https://www.linkedin.com/in/ming-z-a9a66757",
  "domain": "ssaihq.com",
  "phone_number1": null,
  "phone_number2": null,
  "phone_number3": null,
  "mobile_phone1": null,
  "other_phone1": null,
  "personal_email1": null,
  "company": "Science Systems and Applications, Inc (SSAI)",
  "linkedin_profile_url": "https://www.linkedin.com/in/ming-z-a9a66757",
  "company_domain": "ssaihq.com",
  "company_industry": "Defense and Space Manufacturing",
  "company_subindustry": null,
  "company_size": 667,
  "company_size_range": "501 to 1000",
  "company_founded": 1977,
  "company_revenue": null,
  "company_funding": null,
  "company_type": "private",
  "company_linkedin": "https://www.linkedin.com/company/ssai",
  "company_twitter": null,
  "company_facebook": null,
  "company_description": null,
  "company_last_funding_round": null,
  "company_last_funding_amount": null,
  "company_last_funding_at": null,
  "company_location": "Lanham, MD, United States",
  "company_street": "10210 Greenbelt Road, Suite 600",
  "company_locality": "Lanham",
  "company_region": "MD",
  "company_country": "United States",
  "other_work_emails": "",
  "profile_url": "https://linkedin.com/in/ming-z-a9a66757"
}